Ticker,spx,dax,ftse,nikkei
Price,,,,
Date,,,,
2020-01-03,3234.85009765625,13219.1396484375,7622.39990234375,
2020-01-06,3246.280029296875,13126.990234375,7575.2998046875,23204.859375
2020-01-07,3237.179931640625,13226.830078125,7573.89990234375,23575.720703125
2020-01-08,3253.050048828125,13320.1796875,7574.89990234375,23204.759765625
2020-01-09,3274.699951171875,13495.0595703125,7598.10009765625,23739.869140625
2020-01-10,3265.35009765625,13483.3095703125,7587.89990234375,23850.5703125
2020-01-13,3288.1298828125,13451.51953125,7617.60009765625,23850.5703125
2020-01-14,3283.14990234375,13456.490234375,7622.39990234375,24025.169921875
2020-01-15,3289.2900390625,13432.2998046875,7642.7998046875,23916.580078125
2020-01-16,3316.81005859375,13429.4296875,7609.7998046875,23933.130859375
2020-01-17,3329.6201171875,13526.1298828125,7674.60009765625,24041.259765625
2020-01-20,3329.6201171875,13548.9404296875,7651.39990234375,24083.509765625
2020-01-21,3320.7900390625,13555.8701171875,7610.7001953125,23864.560546875
2020-01-22,3321.75,13515.75,7571.89990234375,24031.349609375
2020-01-23,3325.5400390625,13388.419921875,7507.7001953125,23795.439453125
2020-01-24,3295.469970703125,13576.6796875,7586.0,23827.1796875
2020-01-27,3243.6298828125,13204.76953125,7412.10009765625,23343.509765625
2020-01-28,3276.239990234375,13323.6904296875,7480.7001953125,23215.7109375
2020-01-29,3273.39990234375,13345.0,7483.60009765625,23379.400390625
2020-01-30,3283.659912109375,13157.1201171875,7382.0,22977.75
2020-01-31,3225.52001953125,12981.9697265625,7286.0,23205.1796875
2020-02-03,3248.919921875,13045.1904296875,7326.2998046875,22971.939453125
2020-02-04,3297.590087890625,13281.740234375,7439.7998046875,23084.58984375
2020-02-05,3334.68994140625,13478.330078125,7482.5,23319.560546875
2020-02-06,3345.780029296875,13574.8203125,7504.7998046875,23873.58984375
2020-02-07,3327.7099609375,13513.8095703125,7466.7001953125,23827.98046875
2020-02-10,3352.090087890625,13494.0302734375,7446.89990234375,23685.98046875
2020-02-11,3357.75,13627.83984375,7499.39990234375,23685.98046875
2020-02-12,3379.449951171875,13749.7802734375,7534.39990234375,23861.2109375
2020-02-13,3373.93994140625,13745.4296875,7452.0,23827.73046875
2020-02-14,3380.159912109375,13744.2099609375,7409.10009765625,23687.58984375
2020-02-17,3380.159912109375,13783.8896484375,7433.2998046875,23523.240234375
2020-02-18,3370.2900390625,13681.1904296875,7382.0,23193.80078125
2020-02-19,3386.14990234375,13789.0,7457.0,23400.69921875
2020-02-20,3373.22998046875,13664.0,7436.60009765625,23479.150390625
2020-02-21,3337.75,13579.330078125,7403.89990234375,23386.740234375
2020-02-24,3225.889892578125,13035.240234375,7156.7998046875,23386.740234375
2020-02-25,3128.2099609375,12790.490234375,7017.89990234375,22605.41015625
2020-02-26,3116.389892578125,12774.8798828125,7042.5,22426.189453125
2020-02-27,2978.760009765625,12367.4599609375,6796.39990234375,21948.23046875
2020-02-28,2954.219970703125,11890.349609375,6580.60009765625,21142.9609375
2020-03-02,3090.22998046875,11857.8701171875,6654.89990234375,21344.080078125
2020-03-03,3003.3701171875,11985.3896484375,6718.2001953125,21082.73046875
2020-03-04,3130.1201171875,12127.6904296875,6815.60009765625,21100.060546875
2020-03-05,3023.93994140625,11944.7197265625,6705.39990234375,21329.119140625
2020-03-06,2972.3701171875,11541.8701171875,6462.60009765625,20749.75
2020-03-09,2746.56005859375,10625.01953125,5965.7998046875,19698.759765625
2020-03-10,2882.22998046875,10475.490234375,5960.2001953125,19867.119140625
2020-03-11,2741.3798828125,10438.6796875,5876.5,19416.060546875
2020-03-12,2480.639892578125,9161.1298828125,5237.5,18559.630859375
2020-03-13,2711.02001953125,9232.080078125,5366.10009765625,17431.05078125
2020-03-16,2386.1298828125,8742.25,5151.10009765625,17002.0390625
2020-03-17,2529.18994140625,8939.099609375,5294.89990234375,17011.529296875
2020-03-18,2398.10009765625,8441.7099609375,5080.60009765625,16726.55078125
2020-03-19,2409.389892578125,8610.4296875,5151.60009765625,16552.830078125
2020-03-20,2304.919921875,8928.9501953125,5190.7998046875,16552.830078125
2020-03-23,2237.39990234375,8741.150390625,4993.89990234375,16887.779296875
2020-03-24,2447.330078125,9700.5703125,5446.0,18092.349609375
2020-03-25,2475.56005859375,9874.259765625,5688.2001953125,19546.630859375
2020-03-26,2630.070068359375,10000.9599609375,5815.7001953125,18664.599609375
2020-03-27,2541.469970703125,9632.51953125,5510.2998046875,19389.4296875
2020-03-30,2626.64990234375,9815.9697265625,5563.7001953125,19084.970703125
2020-03-31,2584.590087890625,9935.83984375,5672.0,18917.009765625
2020-04-01,2470.5,9544.75,5454.60009765625,18065.41015625
2020-04-02,2526.89990234375,9570.8203125,5480.2001953125,17818.720703125
2020-04-03,2488.64990234375,9525.76953125,5415.5,17820.189453125
2020-04-06,2663.679931640625,10075.169921875,5582.39990234375,18576.30078125
2020-04-07,2659.409912109375,10356.7001953125,5704.5,18950.1796875
2020-04-08,2749.97998046875,10332.8896484375,5677.7001953125,19353.240234375
2020-04-09,2789.820068359375,10564.740234375,5842.7001953125,19345.76953125
2020-04-10,2789.820068359375,10564.740234375,5842.7001953125,19498.5
2020-04-13,2761.6298828125,10564.740234375,5842.7001953125,19043.400390625
2020-04-14,2846.06005859375,10696.5595703125,5791.2998046875,19638.810546875
2020-04-15,2783.360107421875,10279.759765625,5597.7001953125,19550.08984375
2020-04-16,2799.550048828125,10301.5400390625,5628.39990234375,19290.19921875
2020-04-17,2874.56005859375,10625.7802734375,5787.0,19897.259765625
2020-04-20,2823.159912109375,10675.900390625,5812.7998046875,19669.119140625
2020-04-21,2736.56005859375,10249.849609375,5641.0,19280.779296875
2020-04-22,2799.31005859375,10415.0302734375,5770.60009765625,19137.94921875
2020-04-23,2797.800048828125,10513.7900390625,5826.60009765625,19429.439453125
2020-04-24,2836.739990234375,10336.08984375,5752.2001953125,19262.0
2020-04-27,2878.47998046875,10659.990234375,5846.7998046875,19783.220703125
2020-04-28,2863.389892578125,10795.6298828125,5958.5,19771.189453125
2020-04-29,2939.510009765625,11107.740234375,6115.2998046875,19771.189453125
2020-04-30,2912.429931640625,10861.6396484375,5901.2001953125,20193.689453125
2020-05-01,2830.7099609375,10861.6396484375,5763.10009765625,19619.349609375
2020-05-04,2842.739990234375,10466.7998046875,5753.7998046875,19619.349609375
2020-05-05,2868.43994140625,10729.4599609375,5849.39990234375,19619.349609375
2020-05-06,2848.419921875,10606.2001953125,5853.7998046875,19619.349609375
2020-05-07,2881.18994140625,10759.26953125,5936.0,19674.76953125
2020-05-08,2929.800048828125,10904.48046875,5936.0,20179.08984375
2020-05-11,2930.18994140625,10824.990234375,5939.7001953125,20390.66015625
2020-05-12,2870.1201171875,10819.5,5994.7998046875,20366.48046875
2020-05-13,2820.0,10542.66015625,5904.10009765625,20267.05078125
2020-05-14,2852.5,10337.01953125,5741.5,19914.779296875
2020-05-15,2863.699951171875,10465.169921875,5799.7998046875,20037.470703125
2020-05-18,2953.909912109375,11058.8701171875,6048.60009765625,20133.73046875
2020-05-19,2922.93994140625,11075.2900390625,6002.2001953125,20433.44921875
2020-05-20,2971.610107421875,11223.7099609375,6067.2001953125,20595.150390625
2020-05-21,2948.510009765625,11065.9296875,6015.2998046875,20552.310546875
2020-05-22,2955.449951171875,11073.8701171875,5993.2998046875,20388.16015625
2020-05-25,2955.449951171875,11391.2802734375,5993.2998046875,20741.650390625
2020-05-26,2991.77001953125,11504.650390625,6067.7998046875,21271.169921875
2020-05-27,3036.1298828125,11657.6904296875,6144.2998046875,21419.23046875
2020-05-28,3029.72998046875,11781.1298828125,6218.7998046875,21916.310546875
2020-05-29,3044.31005859375,11586.849609375,6076.60009765625,21877.890625
2020-06-01,3055.72998046875,11586.849609375,6166.39990234375,22062.390625
2020-06-02,3080.820068359375,12021.2802734375,6220.10009765625,22325.609375
2020-06-03,3122.8701171875,12487.3603515625,6382.39990234375,22613.759765625
2020-06-04,3112.35009765625,12430.5595703125,6341.39990234375,22695.740234375
2020-06-05,3193.929931640625,12847.6796875,6484.2998046875,22863.73046875
2020-06-08,3232.389892578125,12819.58984375,6472.60009765625,23178.099609375
2020-06-09,3207.179931640625,12617.990234375,6335.7001953125,23091.029296875
2020-06-10,3190.139892578125,12530.16015625,6329.10009765625,23124.94921875
2020-06-11,3002.10009765625,11970.2900390625,6076.7001953125,22472.91015625
2020-06-12,3041.31005859375,11949.2802734375,6105.2001953125,22305.48046875
2020-06-15,3066.590087890625,11911.349609375,6064.7001953125,21530.94921875
2020-06-16,3124.739990234375,12315.66015625,6242.7998046875,22582.2109375
2020-06-17,3113.489990234375,12382.1396484375,6253.2998046875,22455.759765625
2020-06-18,3115.340087890625,12281.5302734375,6224.10009765625,22355.4609375
2020-06-19,3097.739990234375,12330.759765625,6292.60009765625,22478.7890625
2020-06-22,3117.860107421875,12262.9697265625,6244.60009765625,22437.26953125
2020-06-23,3131.2900390625,12523.759765625,6320.10009765625,22549.05078125
2020-06-24,3050.330078125,12093.9404296875,6123.7001953125,22534.3203125
2020-06-25,3083.760009765625,12177.8701171875,6147.10009765625,22259.7890625
2020-06-26,3009.050048828125,12089.3896484375,6159.2998046875,22512.080078125
2020-06-29,3053.239990234375,12232.1201171875,6225.7998046875,21995.0390625
2020-06-30,3100.2900390625,12310.9296875,6169.7001953125,22288.140625
2020-07-01,3115.860107421875,12260.5703125,6158.0,22121.73046875
2020-07-02,3130.010009765625,12608.4599609375,6240.39990234375,22145.9609375
2020-07-03,3130.010009765625,12528.1796875,6157.2998046875,22306.48046875
2020-07-06,3179.719970703125,12733.4501953125,6285.89990234375,22714.439453125
2020-07-07,3145.320068359375,12616.7998046875,6189.89990234375,22614.689453125
2020-07-08,3169.93994140625,12494.8095703125,6156.2001953125,22438.650390625
2020-07-09,3152.050048828125,12489.4599609375,6049.60009765625,22529.2890625
2020-07-10,3185.0400390625,12633.7099609375,6095.39990234375,22290.810546875
2020-07-13,3155.219970703125,12799.9697265625,6176.2001953125,22784.740234375
2020-07-14,3197.52001953125,12697.3603515625,6179.7998046875,22587.009765625
2020-07-15,3226.56005859375,12930.98046875,6292.7001953125,22945.5
2020-07-16,3215.570068359375,12874.9697265625,6250.7001953125,22770.359375
2020-07-17,3224.72998046875,12919.6103515625,6290.2998046875,22696.419921875
2020-07-20,3251.840087890625,13046.919921875,6261.5,22717.48046875
2020-07-21,3257.300048828125,13171.830078125,6269.7001953125,22884.220703125
2020-07-22,3276.02001953125,13104.25,6207.10009765625,22751.609375
2020-07-23,3235.659912109375,13103.3896484375,6211.39990234375,22751.609375
2020-07-24,3215.6298828125,12838.0595703125,6123.7998046875,22751.609375
2020-07-27,3239.409912109375,12838.66015625,6104.89990234375,22715.849609375
2020-07-28,3218.43994140625,12835.2802734375,6129.2998046875,22657.380859375
2020-07-29,3258.43994140625,12822.259765625,6131.5,22397.109375
2020-07-30,3246.219970703125,12379.650390625,5990.0,22339.23046875
2020-07-31,3271.1201171875,12313.3603515625,5897.7998046875,21710.0
2020-08-03,3294.610107421875,12646.98046875,6032.89990234375,22195.380859375
2020-08-04,3306.510009765625,12600.8701171875,6036.0,22573.66015625
2020-08-05,3327.77001953125,12660.25,6104.7001953125,22514.849609375
2020-08-06,3349.159912109375,12591.6796875,6026.89990234375,22418.150390625
2020-08-07,3351.280029296875,12674.8798828125,6032.2001953125,22329.939453125
2020-08-10,3360.469970703125,12687.5302734375,6050.60009765625,22329.939453125
2020-08-11,3333.68994140625,12946.8896484375,6154.2998046875,22750.240234375
2020-08-12,3380.35009765625,13058.6298828125,6280.10009765625,22843.9609375
2020-08-13,3373.429931640625,12993.7099609375,6185.60009765625,23249.609375
2020-08-14,3372.85009765625,12901.33984375,6090.0,23289.359375
2020-08-17,3381.989990234375,12920.66015625,6127.39990234375,23096.75
2020-08-18,3389.780029296875,12881.759765625,6076.60009765625,23051.080078125
2020-08-19,3374.85009765625,12977.330078125,6112.0,23110.609375
2020-08-20,3385.510009765625,12830.0,6013.2998046875,22880.619140625
2020-08-21,3397.159912109375,12764.7998046875,6001.89990234375,22920.30078125
2020-08-24,3431.280029296875,13066.5400390625,6104.7001953125,22985.509765625
2020-08-25,3443.6201171875,13061.6201171875,6037.0,23296.76953125
2020-08-26,3478.72998046875,13190.150390625,6045.60009765625,23290.859375
2020-08-27,3484.550048828125,13096.3603515625,6000.0,23208.859375
2020-08-28,3508.010009765625,13033.2001953125,5963.60009765625,22882.650390625
2020-08-31,3500.31005859375,12945.3798828125,5963.60009765625,23139.759765625
2020-09-01,3526.64990234375,12974.25,5862.10009765625,23138.0703125
2020-09-02,3580.840087890625,13243.4296875,5941.0,23247.150390625
2020-09-03,3455.06005859375,13057.76953125,5850.89990234375,23465.529296875
2020-09-04,3426.9599609375,12842.66015625,5799.10009765625,23205.4296875
2020-09-07,3426.9599609375,13100.2802734375,5937.39990234375,23089.94921875
2020-09-08,3331.840087890625,12968.330078125,5930.2998046875,23274.130859375
2020-09-09,3398.9599609375,13237.2099609375,6012.7998046875,23032.5390625
2020-09-10,3339.18994140625,13208.8896484375,6003.2998046875,23235.470703125
2020-09-11,3340.969970703125,13202.83984375,6032.10009765625,23406.490234375
2020-09-14,3383.5400390625,13193.66015625,6026.2998046875,23559.30078125
2020-09-15,3401.199951171875,13217.669921875,6105.5,23454.890625
2020-09-16,3385.489990234375,13255.3701171875,6078.5,23475.529296875
2020-09-17,3357.010009765625,13208.1201171875,6049.89990234375,23319.369140625
2020-09-18,3319.469970703125,13116.25,6007.10009765625,23360.30078125
2020-09-21,3281.06005859375,12542.4404296875,5804.2998046875,23360.30078125
2020-09-22,3315.570068359375,12594.3896484375,5829.5,23360.30078125
2020-09-23,3236.919921875,12642.9697265625,5899.2998046875,23346.490234375
2020-09-24,3246.590087890625,12606.5703125,5822.7998046875,23087.8203125
2020-09-25,3298.4599609375,12469.2001953125,5842.7001953125,23204.619140625
2020-09-28,3351.60009765625,12870.8701171875,5927.89990234375,23511.619140625
2020-09-29,3335.469970703125,12825.8203125,5897.5,23539.099609375
2020-09-30,3363.0,12760.73046875,5866.10009765625,23185.119140625
2020-10-01,3380.800048828125,12730.76953125,5879.5,23185.119140625
2020-10-02,3348.419921875,12689.0400390625,5902.10009765625,23029.900390625
2020-10-05,3408.60009765625,12828.3095703125,5942.89990234375,23312.140625
2020-10-06,3360.969970703125,12906.01953125,5949.89990234375,23433.73046875
2020-10-07,3419.43994140625,12928.5703125,5946.2998046875,23422.8203125
2020-10-08,3446.830078125,13042.2099609375,5978.0,23647.0703125
2020-10-09,3477.139892578125,13051.23046875,6016.7001953125,23619.689453125
2020-10-12,3534.219970703125,13138.41015625,6001.39990234375,23558.689453125
2020-10-13,3511.929931640625,13018.990234375,5969.7001953125,23601.779296875
2020-10-14,3488.669921875,13028.0595703125,5935.10009765625,23626.73046875
2020-10-15,3483.340087890625,12703.75,5832.5,23507.23046875
2020-10-16,3483.81005859375,12908.990234375,5919.60009765625,23410.630859375
2020-10-19,3426.919921875,12854.66015625,5884.7001953125,23671.130859375
2020-10-20,3443.1201171875,12736.9501953125,5889.2001953125,23567.0390625
2020-10-21,3435.56005859375,12557.6396484375,5776.5,23639.4609375
2020-10-22,3453.489990234375,12543.0595703125,5785.7001953125,23474.26953125
2020-10-23,3465.389892578125,12645.75,5860.2998046875,23516.58984375
2020-10-26,3400.969970703125,12177.1796875,5792.0,23494.33984375
2020-10-27,3390.679931640625,12063.5703125,5729.0,23485.80078125
2020-10-28,3271.030029296875,11560.509765625,5582.7998046875,23418.509765625
2020-10-29,3310.110107421875,11598.0703125,5581.7998046875,23331.939453125
2020-10-30,3269.9599609375,11556.48046875,5577.2998046875,22977.130859375
2020-11-02,3310.239990234375,11788.2802734375,5655.0,23295.48046875
2020-11-03,3369.159912109375,12088.98046875,5786.7998046875,23295.48046875
2020-11-04,3443.43994140625,12324.2197265625,5883.2998046875,23695.23046875
2020-11-05,3510.449951171875,12568.08984375,5906.2001953125,24105.279296875
2020-11-06,3509.43994140625,12480.01953125,5910.0,24325.23046875
2020-11-09,3550.5,13095.9697265625,6186.2998046875,24839.83984375
2020-11-10,3545.530029296875,13163.1103515625,6296.89990234375,24905.58984375
2020-11-11,3572.659912109375,13216.1796875,6382.10009765625,25349.599609375
2020-11-12,3537.010009765625,13052.9501953125,6338.89990234375,25520.880859375
2020-11-13,3585.14990234375,13076.7197265625,6316.39990234375,25385.869140625
2020-11-16,3626.909912109375,13138.6103515625,6421.2998046875,25906.9296875
2020-11-17,3609.530029296875,13133.4697265625,6365.2998046875,26014.619140625
2020-11-18,3567.7900390625,13201.8896484375,6385.2001953125,25728.140625
2020-11-19,3581.8701171875,13086.16015625,6334.39990234375,25634.33984375
2020-11-20,3557.5400390625,13137.25,6351.5,25527.369140625
2020-11-23,3577.590087890625,13126.9697265625,6333.7998046875,25527.369140625
2020-11-24,3635.409912109375,13292.4404296875,6432.2001953125,26165.58984375
2020-11-25,3629.64990234375,13289.7998046875,6391.10009765625,26296.859375
2020-11-26,3629.64990234375,13286.5703125,6362.89990234375,26537.310546875
2020-11-27,3638.35009765625,13335.6796875,6367.60009765625,26644.7109375
2020-11-30,3621.6298828125,13291.16015625,6266.2001953125,26433.619140625
2020-12-01,3662.449951171875,13382.2998046875,6384.7001953125,26787.5390625
2020-12-02,3669.010009765625,13313.240234375,6463.39990234375,26800.98046875
2020-12-03,3666.719970703125,13252.8603515625,6490.2998046875,26809.369140625
2020-12-04,3699.1201171875,13298.9599609375,6550.2001953125,26751.240234375
2020-12-07,3691.9599609375,13271.0,6555.39990234375,26547.439453125
2020-12-08,3702.25,13278.490234375,6558.7998046875,26467.080078125
2020-12-09,3672.820068359375,13340.259765625,6564.2998046875,26817.939453125
2020-12-10,3668.10009765625,13295.73046875,6599.7998046875,26756.240234375
2020-12-11,3663.4599609375,13114.2998046875,6546.7998046875,26652.51953125
2020-12-14,3647.489990234375,13223.16015625,6531.7998046875,26732.439453125
2020-12-15,3694.6201171875,13362.8701171875,6513.2998046875,26687.83984375
2020-12-16,3701.169921875,13565.98046875,6570.89990234375,26757.400390625
2020-12-17,3722.47998046875,13667.25,6551.10009765625,26806.669921875
2020-12-18,3709.409912109375,13630.509765625,6529.2001953125,26763.390625
2020-12-21,3694.919921875,13246.2998046875,6416.2998046875,26714.419921875
2020-12-22,3687.260009765625,13418.1103515625,6416.2998046875,26436.390625
2020-12-23,3690.010009765625,13587.23046875,6495.7998046875,26524.7890625
2020-12-24,3703.06005859375,13587.23046875,6502.10009765625,26668.349609375
2020-12-25,3703.06005859375,13587.23046875,6502.10009765625,26656.609375
2020-12-28,3735.360107421875,13790.2900390625,6502.10009765625,26854.029296875
2020-12-29,3727.0400390625,13761.3798828125,6602.7001953125,27568.150390625
2020-12-30,3732.0400390625,13718.7802734375,6555.7998046875,27444.169921875
2020-12-31,3756.070068359375,13718.7802734375,6460.5,27444.169921875
2021-01-01,3756.070068359375,13718.7802734375,6460.5,27444.169921875
2021-01-04,3700.64990234375,13726.740234375,6571.89990234375,27258.380859375
2021-01-05,3726.860107421875,13651.2197265625,6612.2998046875,27158.630859375
2021-01-06,3748.139892578125,13891.9697265625,6841.89990234375,27055.939453125
2021-01-07,3803.7900390625,13968.240234375,6857.0,27490.130859375
2021-01-08,3824.679931640625,14049.5302734375,6873.2998046875,28139.029296875
2021-01-11,3799.610107421875,13936.66015625,6798.5,28139.029296875
2021-01-12,3801.18994140625,13925.0595703125,6754.10009765625,28164.33984375
2021-01-13,3809.840087890625,13939.7099609375,6745.5,28456.58984375
2021-01-14,3795.5400390625,13988.7001953125,6802.0,28698.259765625
2021-01-15,3768.25,13787.73046875,6735.7001953125,28519.1796875
2021-01-18,3768.25,13848.349609375,6720.7001953125,28242.2109375
2021-01-19,3798.909912109375,13815.0595703125,6713.0,28633.4609375
2021-01-20,3851.85009765625,13921.3701171875,6740.39990234375,28523.259765625
2021-01-21,3853.070068359375,13906.669921875,6715.39990234375,28756.859375
2021-01-22,3841.469970703125,13873.9697265625,6695.10009765625,28631.44921875
2021-01-25,3855.360107421875,13643.9501953125,6638.89990234375,28822.2890625
2021-01-26,3849.6201171875,13870.990234375,6654.0,28546.1796875
2021-01-27,3750.77001953125,13620.4599609375,6567.39990234375,28635.2109375
2021-01-28,3787.3798828125,13665.9296875,6526.2001953125,28197.419921875
2021-01-29,3714.239990234375,13432.8701171875,6407.5,27663.390625
2021-02-01,3773.860107421875,13622.01953125,6466.39990234375,28091.05078125
2021-02-02,3826.31005859375,13835.16015625,6516.7001953125,28362.169921875
2021-02-03,3830.169921875,13933.6298828125,6507.7998046875,28646.5
2021-02-04,3871.739990234375,14060.2900390625,6503.7001953125,28341.94921875
2021-02-05,3886.830078125,14056.7197265625,6489.2998046875,28779.189453125
2021-02-08,3915.590087890625,14059.91015625,6523.5,29388.5
2021-02-09,3911.22998046875,14011.7998046875,6531.60009765625,29505.9296875
2021-02-10,3909.8798828125,13932.9697265625,6524.39990234375,29562.9296875
2021-02-11,3916.3798828125,14040.91015625,6528.7001953125,29562.9296875
2021-02-12,3934.830078125,14049.8896484375,6589.7998046875,29520.0703125
2021-02-15,3934.830078125,14109.48046875,6756.10009765625,30084.150390625
2021-02-16,3932.590087890625,14064.599609375,6748.89990234375,30467.75
2021-02-17,3931.330078125,13909.26953125,6710.89990234375,30292.189453125
2021-02-18,3913.969970703125,13886.9296875,6617.2001953125,30236.08984375
2021-02-19,3906.7099609375,13993.23046875,6624.0,30017.919921875
2021-02-22,3876.5,13950.0400390625,6612.2001953125,30156.029296875
2021-02-23,3881.3701171875,13864.8095703125,6625.89990234375,30156.029296875
2021-02-24,3925.429931640625,13976.0,6659.0,29671.69921875
2021-02-25,3829.340087890625,13879.330078125,6652.0,30168.26953125
2021-02-26,3811.14990234375,13786.2900390625,6483.39990234375,28966.009765625
2021-03-01,3901.820068359375,14012.8203125,6588.5,29663.5
2021-03-02,3870.2900390625,14039.7998046875,6613.7998046875,29408.169921875
2021-03-03,3819.719970703125,14080.0302734375,6675.5,29559.099609375
2021-03-04,3768.469970703125,14056.33984375,6650.89990234375,28930.109375
2021-03-05,3841.93994140625,13920.6904296875,6630.5,28864.3203125
2021-03-08,3821.35009765625,14380.91015625,6719.10009765625,28743.25
2021-03-09,3875.43994140625,14437.9404296875,6730.2998046875,29027.939453125
2021-03-10,3898.81005859375,14540.25,6725.60009765625,29036.560546875
2021-03-11,3939.340087890625,14569.3896484375,6737.0,29211.640625
2021-03-12,3943.340087890625,14502.3896484375,6761.5,29717.830078125
2021-03-15,3968.93994140625,14461.419921875,6749.7001953125,29766.970703125
2021-03-16,3962.7099609375,14557.580078125,6803.60009765625,29921.08984375
2021-03-17,3974.1201171875,14596.6103515625,6762.7001953125,29914.330078125
2021-03-18,3915.4599609375,14775.51953125,6779.7001953125,30216.75
2021-03-19,3913.10009765625,14621.0,6708.7001953125,29792.05078125
2021-03-22,3940.590087890625,14657.2099609375,6726.10009765625,29174.150390625
2021-03-23,3910.52001953125,14662.01953125,6699.2001953125,28995.919921875
2021-03-24,3889.139892578125,14610.3896484375,6712.89990234375,28405.51953125
2021-03-25,3909.52001953125,14621.3603515625,6674.7998046875,28729.880859375
2021-03-26,3974.5400390625,14748.9404296875,6740.60009765625,29176.69921875
2021-03-29,3971.090087890625,14817.7197265625,6736.2001953125,29384.51953125
2021-03-30,3958.550048828125,15008.6103515625,6772.10009765625,29432.69921875
2021-03-31,3972.889892578125,15008.33984375,6713.60009765625,29178.80078125
2021-04-01,4019.8701171875,15107.169921875,6737.2998046875,29388.869140625
2021-04-02,4019.8701171875,15107.169921875,6737.2998046875,29854.0
2021-04-05,4077.909912109375,15107.169921875,6737.2998046875,30089.25
2021-04-06,4073.93994140625,15212.6796875,6823.60009765625,29696.630859375
2021-04-07,4079.949951171875,15176.3603515625,6885.2998046875,29730.7890625
2021-04-08,4097.169921875,15202.6796875,6942.2001953125,29708.98046875
2021-04-09,4128.7998046875,15234.16015625,6915.7998046875,29768.060546875
2021-04-12,4127.990234375,15215.0,6889.10009765625,29538.73046875
2021-04-13,4141.58984375,15234.3603515625,6890.5,29751.609375
2021-04-14,4124.66015625,15209.150390625,6939.60009765625,29620.990234375
2021-04-15,4170.419921875,15255.330078125,6983.5,29642.689453125
2021-04-16,4185.47021484375,15459.75,7019.5,29683.369140625
2021-04-19,4163.259765625,15368.3896484375,7000.10009765625,29685.369140625
2021-04-20,4134.93994140625,15129.509765625,6859.89990234375,29100.380859375
2021-04-21,4173.419921875,15195.9697265625,6895.2998046875,28508.55078125
2021-04-22,4134.97998046875,15320.51953125,6938.2001953125,29188.169921875
2021-04-23,4180.169921875,15279.6201171875,6938.60009765625,29020.630859375
2021-04-26,4187.6201171875,15296.33984375,6963.10009765625,29126.23046875
2021-04-27,4186.72021484375,15249.26953125,6945.0,28991.890625
2021-04-28,4183.18017578125,15292.1796875,6963.7001953125,29053.970703125
2021-04-29,4211.47021484375,15154.2001953125,6961.5,29053.970703125
2021-04-30,4181.169921875,15135.91015625,6969.7998046875,28812.630859375
2021-05-03,4192.66015625,15236.4697265625,6969.7998046875,28812.630859375
2021-05-04,4164.66015625,14856.48046875,6923.2001953125,28812.630859375
2021-05-05,4167.58984375,15170.7802734375,7039.2998046875,28812.630859375
2021-05-06,4201.6201171875,15196.740234375,7076.2001953125,29331.369140625
2021-05-07,4232.60009765625,15399.650390625,7129.7001953125,29357.8203125
2021-05-10,4188.43017578125,15400.41015625,7123.7001953125,29518.33984375
2021-05-11,4152.10009765625,15119.75,6948.0,28608.58984375
2021-05-12,4063.0400390625,15150.2197265625,7004.60009765625,28147.509765625
2021-05-13,4112.5,15199.6796875,6963.2998046875,27448.009765625
2021-05-14,4173.85009765625,15416.6396484375,7043.60009765625,28084.470703125
2021-05-17,4163.2900390625,15396.6201171875,7032.89990234375,27824.830078125
2021-05-18,4127.830078125,15386.580078125,7034.2001953125,28406.83984375
2021-05-19,4115.68017578125,15113.5595703125,6950.2001953125,28044.44921875
2021-05-20,4159.1201171875,15370.259765625,7019.7998046875,28098.25
2021-05-21,4155.85986328125,15437.509765625,7018.10009765625,28317.830078125
2021-05-24,4197.0498046875,15437.509765625,7051.60009765625,28364.609375
2021-05-25,4188.1298828125,15465.08984375,7029.7998046875,28553.98046875
2021-05-26,4195.990234375,15450.7197265625,7026.89990234375,28642.189453125
2021-05-27,4200.8798828125,15406.73046875,7019.7001953125,28549.009765625
2021-05-28,4204.10986328125,15519.98046875,7022.60009765625,29149.41015625
2021-05-31,4204.10986328125,15421.1298828125,7022.60009765625,28860.080078125
2021-06-01,4202.0400390625,15567.3603515625,7080.5,28814.33984375
2021-06-02,4208.1201171875,15602.7099609375,7108.0,28946.140625
2021-06-03,4192.85009765625,15632.669921875,7064.39990234375,29058.109375
2021-06-04,4229.89013671875,15692.900390625,7069.0,28941.51953125
2021-06-07,4226.52001953125,15677.150390625,7077.2001953125,29019.240234375
2021-06-08,4227.259765625,15640.599609375,7095.10009765625,28963.560546875
2021-06-09,4219.5498046875,15581.1396484375,7081.0,28860.80078125
2021-06-10,4239.18017578125,15571.2197265625,7088.2001953125,28958.560546875
2021-06-11,4247.43994140625,15693.26953125,7134.10009765625,28948.73046875
2021-06-14,4255.14990234375,15673.6396484375,7146.7001953125,29161.80078125
2021-06-15,4246.58984375,15729.51953125,7172.5,29441.30078125
2021-06-16,4223.7001953125,15710.5703125,7185.0,29291.009765625
2021-06-17,4221.85986328125,15727.669921875,7153.39990234375,29018.330078125
2021-06-18,4166.4501953125,15448.0400390625,7017.5,28964.080078125
2021-06-21,4224.7900390625,15603.240234375,7062.2998046875,28010.9296875
2021-06-22,4246.43994140625,15636.330078125,7090.0,28884.130859375
2021-06-23,4241.83984375,15456.3896484375,7074.10009765625,28874.890625
2021-06-24,4266.490234375,15589.23046875,7110.0,28875.23046875
2021-06-25,4280.7001953125,15607.9697265625,7136.10009765625,29066.1796875
2021-06-28,4290.60986328125,15554.1796875,7073.0,29048.01953125
2021-06-29,4291.7998046875,15690.58984375,7087.60009765625,28812.609375
2021-06-30,4297.5,15531.0400390625,7037.5,28791.529296875
2021-07-01,4319.93994140625,15603.8095703125,7125.2001953125,28707.0390625
2021-07-02,4352.33984375,15650.08984375,7123.2998046875,28783.279296875
2021-07-05,4352.33984375,15661.9697265625,7164.89990234375,28598.189453125
2021-07-06,4343.5400390625,15511.3798828125,7100.89990234375,28643.2109375
2021-07-07,4358.1298828125,15692.7099609375,7151.0,28366.94921875
2021-07-08,4320.81982421875,15420.6396484375,7030.7001953125,28118.029296875
2021-07-09,4369.5498046875,15687.9296875,7121.89990234375,27940.419921875
2021-07-12,4384.6298828125,15790.509765625,7125.39990234375,28569.01953125
2021-07-13,4369.2099609375,15789.6396484375,7124.7001953125,28718.240234375
2021-07-14,4374.2998046875,15788.98046875,7091.2001953125,28608.490234375
2021-07-15,4360.02978515625,15629.66015625,7012.0,28279.08984375
2021-07-16,4327.16015625,15540.3095703125,7008.10009765625,28003.080078125
2021-07-19,4258.490234375,15133.2001953125,6844.39990234375,27652.740234375
2021-07-20,4323.06005859375,15216.26953125,6881.10009765625,27388.16015625
2021-07-21,4358.68994140625,15422.5,6998.2998046875,27548.0
2021-07-22,4367.47998046875,15514.5400390625,6968.2998046875,27548.0
2021-07-23,4411.7900390625,15669.2900390625,7027.60009765625,27548.0
2021-07-26,4422.2998046875,15618.98046875,7025.39990234375,27833.2890625
2021-07-27,4401.4599609375,15519.1298828125,6996.10009765625,27970.220703125
2021-07-28,4400.64013671875,15570.3603515625,7016.60009765625,27581.66015625
2021-07-29,4419.14990234375,15640.4697265625,7078.39990234375,27782.419921875
2021-07-30,4395.259765625,15544.3896484375,7032.2998046875,27283.58984375
2021-08-02,4387.16015625,15568.73046875,7081.7001953125,27781.01953125
2021-08-03,4423.14990234375,15555.080078125,7105.7001953125,27641.830078125
2021-08-04,4402.66015625,15692.1298828125,7123.89990234375,27584.080078125
2021-08-05,4429.10009765625,15744.669921875,7120.39990234375,27728.119140625
2021-08-06,4436.52001953125,15761.4501953125,7123.0,27820.0390625
2021-08-09,4432.35009765625,15745.41015625,7132.2998046875,27820.0390625
2021-08-10,4436.75,15770.7099609375,7161.0,27888.150390625
2021-08-11,4442.41015625,15826.08984375,7220.10009765625,28070.509765625
2021-08-12,4460.830078125,15937.509765625,7193.2001953125,28015.01953125
2021-08-13,4468.0,15977.4404296875,7218.7001953125,27977.150390625
2021-08-16,4479.7099609375,15925.73046875,7154.0,27523.189453125
2021-08-17,4448.080078125,15921.9501953125,7181.10009765625,27424.470703125
2021-08-18,4400.27001953125,15965.9697265625,7169.2998046875,27585.91015625
2021-08-19,4405.7998046875,15765.8095703125,7058.89990234375,27281.169921875
2021-08-20,4441.669921875,15808.0400390625,7087.89990234375,27013.25
2021-08-23,4479.52978515625,15852.7900390625,7109.0,27494.240234375
2021-08-24,4486.22998046875,15905.849609375,7125.7998046875,27732.099609375
2021-08-25,4496.18994140625,15860.66015625,7150.10009765625,27724.80078125
2021-08-26,4470.0,15793.6201171875,7125.0,27742.2890625
2021-08-27,4509.3701171875,15851.75,7148.0,27641.140625
2021-08-30,4528.7900390625,15887.3095703125,7148.0,27789.2890625
2021-08-31,4522.68017578125,15835.08984375,7119.7001953125,28089.5390625
2021-09-01,4524.08984375,15824.2900390625,7149.7998046875,28451.01953125
2021-09-02,4536.9501953125,15840.58984375,7163.89990234375,28543.509765625
2021-09-03,4535.43017578125,15781.2001953125,7138.39990234375,29128.109375
2021-09-06,4535.43017578125,15932.1201171875,7187.2001953125,29659.890625
2021-09-07,4520.02978515625,15843.08984375,7149.39990234375,29916.140625
2021-09-08,4514.06982421875,15610.2802734375,7095.5,30181.2109375
2021-09-09,4493.27978515625,15623.150390625,7024.2001953125,30008.189453125
2021-09-10,4458.580078125,15609.8095703125,7029.2001953125,30381.83984375
2021-09-13,4468.72998046875,15701.419921875,7068.39990234375,30447.369140625
2021-09-14,4443.0498046875,15722.990234375,7034.10009765625,30670.099609375
2021-09-15,4480.7001953125,15616.0,7016.5,30511.7109375
2021-09-16,4473.75,15651.75,7027.5,30323.33984375
2021-09-17,4432.990234375,15490.169921875,6963.60009765625,30500.05078125
2021-09-20,4357.72998046875,15132.0595703125,6903.89990234375,30500.05078125
2021-09-21,4354.18994140625,15348.5302734375,6981.0,29839.7109375
2021-09-22,4395.64013671875,15506.740234375,7083.39990234375,29639.400390625
2021-09-23,4448.97998046875,15643.9697265625,7078.39990234375,29639.400390625
2021-09-24,4455.47998046875,15531.75,7051.5,30248.810546875
2021-09-27,4443.10986328125,15573.8798828125,7063.39990234375,30240.060546875
2021-09-28,4352.6298828125,15248.5595703125,7028.10009765625,30183.9609375
2021-09-29,4359.4599609375,15365.26953125,7108.2001953125,29544.2890625
2021-09-30,4307.5400390625,15260.6904296875,7086.39990234375,29452.66015625
2021-10-01,4357.0400390625,15156.4404296875,7027.10009765625,28771.0703125
2021-10-04,4300.4599609375,15036.5498046875,7011.0,28444.890625
2021-10-05,4345.72021484375,15194.490234375,7077.10009765625,27822.119140625
2021-10-06,4363.5498046875,14973.330078125,6995.89990234375,27528.869140625
2021-10-07,4399.759765625,15250.8603515625,7078.0,27678.2109375
2021-10-08,4391.33984375,15206.1298828125,7095.60009765625,28048.939453125
2021-10-11,4361.18994140625,15199.1396484375,7146.89990234375,28498.19921875
2021-10-12,4350.64990234375,15146.8701171875,7130.2001953125,28230.609375
2021-10-13,4363.7998046875,15249.3798828125,7141.7998046875,28140.279296875
2021-10-14,4438.259765625,15462.7197265625,7207.7001953125,28550.9296875
2021-10-15,4471.3701171875,15587.3603515625,7234.0,29068.630859375
2021-10-18,4486.4599609375,15474.4697265625,7203.7998046875,29025.4609375
2021-10-19,4519.6298828125,15515.830078125,7217.5,29215.51953125
2021-10-20,4536.18994140625,15522.919921875,7223.10009765625,29255.55078125
2021-10-21,4549.77978515625,15472.5595703125,7190.2998046875,28708.580078125
2021-10-22,4544.89990234375,15542.98046875,7204.60009765625,28804.849609375
2021-10-25,4566.47998046875,15599.23046875,7222.7998046875,28600.41015625
2021-10-26,4574.7900390625,15757.0595703125,7277.60009765625,29106.009765625
2021-10-27,4551.68017578125,15705.8095703125,7253.2998046875,29098.240234375
2021-10-28,4596.419921875,15696.330078125,7249.5,28820.08984375
2021-10-29,4605.3798828125,15688.76953125,7237.60009765625,28892.689453125
2021-11-01,4613.669921875,15806.2900390625,7288.60009765625,29647.080078125
2021-11-02,4630.64990234375,15954.4501953125,7274.7998046875,29520.900390625
2021-11-03,4660.56982421875,15959.98046875,7248.89990234375,29520.900390625
2021-11-04,4680.06005859375,16029.650390625,7279.89990234375,29794.369140625
2021-11-05,4697.52978515625,16054.3603515625,7304.0,29611.5703125
2021-11-08,4701.7001953125,16046.51953125,7300.39990234375,29507.05078125
2021-11-09,4685.25,16040.4697265625,7274.0,29285.4609375
2021-11-10,4646.7099609375,16067.830078125,7340.2001953125,29106.779296875
2021-11-11,4649.27001953125,16083.1103515625,7384.2001953125,29277.859375
2021-11-12,4682.85009765625,16094.0703125,7347.89990234375,29609.970703125
2021-11-15,4682.7998046875,16148.6396484375,7351.89990234375,29776.80078125
2021-11-16,4700.89990234375,16247.8603515625,7327.0,29808.119140625
2021-11-17,4688.669921875,16251.1298828125,7291.2001953125,29688.330078125
2021-11-18,4704.5400390625,16221.73046875,7256.0,29598.66015625
2021-11-19,4697.9599609375,16159.9697265625,7223.60009765625,29745.869140625
2021-11-22,4682.93994140625,16115.6904296875,7255.5,29774.109375
2021-11-23,4690.7001953125,15937.0,7266.7001953125,29774.109375
2021-11-24,4701.4599609375,15878.3896484375,7286.2998046875,29302.66015625
2021-11-25,4701.4599609375,15917.98046875,7310.39990234375,29499.279296875
2021-11-26,4594.6201171875,15257.0400390625,7044.0,28751.619140625
2021-11-29,4655.27001953125,15280.8603515625,7110.0,28283.919921875
2021-11-30,4567.0,15100.1298828125,7059.5,27821.759765625
2021-12-01,4513.0400390625,15472.669921875,7168.7001953125,27935.619140625
2021-12-02,4577.10009765625,15263.1103515625,7129.2001953125,27753.369140625
2021-12-03,4538.43017578125,15169.98046875,7122.2998046875,28029.5703125
2021-12-06,4591.669921875,15380.7900390625,7232.2998046875,27927.369140625
2021-12-07,4686.75,15813.9404296875,7339.89990234375,28455.599609375
2021-12-08,4701.2099609375,15687.08984375,7337.39990234375,28860.619140625
2021-12-09,4667.4501953125,15639.259765625,7321.2998046875,28725.470703125
2021-12-10,4712.02001953125,15623.3095703125,7291.7998046875,28437.76953125
2021-12-13,4668.97021484375,15621.7197265625,7231.39990234375,28640.490234375
2021-12-14,4634.08984375,15453.5595703125,7218.60009765625,28432.640625
2021-12-15,4709.85009765625,15476.349609375,7170.7998046875,28459.720703125
2021-12-16,4668.669921875,15636.400390625,7260.60009765625,29066.3203125
2021-12-17,4620.64013671875,15531.6904296875,7269.89990234375,28545.6796875
2021-12-20,4568.02001953125,15239.669921875,7198.0,27937.810546875
2021-12-21,4649.22998046875,15447.4404296875,7297.39990234375,28517.58984375
2021-12-22,4696.56005859375,15593.4697265625,7341.7001953125,28562.2109375
2021-12-23,4725.7900390625,15756.3095703125,7373.2998046875,28798.369140625
2021-12-24,4725.7900390625,15756.3095703125,7372.10009765625,28782.58984375
2021-12-27,4791.18994140625,15835.25,7372.10009765625,28676.4609375
2021-12-28,4786.35009765625,15963.7001953125,7372.10009765625,29069.16015625
2021-12-29,4793.06005859375,15852.25,7420.7001953125,28906.880859375
2021-12-30,4778.72998046875,15884.8603515625,7403.0,28791.7109375
2021-12-31,4766.18017578125,15884.8603515625,7384.5,28791.7109375
2022-01-03,4796.56005859375,16020.73046875,7384.5,28791.7109375
2022-01-04,4793.5400390625,16152.6103515625,7505.2001953125,29301.7890625
2022-01-05,4700.580078125,16271.75,7516.89990234375,29332.16015625
2022-01-06,4696.0498046875,16052.0302734375,7450.39990234375,28487.869140625
2022-01-07,4677.02978515625,15947.740234375,7485.2998046875,28478.560546875
2022-01-10,4670.2900390625,15768.26953125,7445.2998046875,28478.560546875
2022-01-11,4713.06982421875,15941.8095703125,7491.39990234375,28222.48046875
2022-01-12,4726.35009765625,16010.3203125,7551.7001953125,28765.66015625
2022-01-13,4659.02978515625,16031.58984375,7563.89990234375,28489.130859375
2022-01-14,4662.85009765625,15883.240234375,7543.0,28124.279296875
2022-01-17,4662.85009765625,15933.7197265625,7611.2001953125,28333.51953125
2022-01-18,4577.10986328125,15772.5595703125,7563.60009765625,28257.25
2022-01-19,4532.759765625,15809.7197265625,7589.7001953125,27467.23046875
2022-01-20,4482.72998046875,15912.330078125,7585.0,27772.9296875
2022-01-21,4397.93994140625,15603.8798828125,7494.10009765625,27522.259765625
2022-01-24,4410.1298828125,15011.1298828125,7297.2001953125,27588.369140625
2022-01-25,4356.4501953125,15123.8701171875,7371.5,27131.33984375
2022-01-26,4349.93017578125,15459.3896484375,7469.7998046875,27011.330078125
2022-01-27,4326.509765625,15524.26953125,7554.2998046875,26170.30078125
2022-01-28,4431.85009765625,15318.9501953125,7466.10009765625,26717.33984375
2022-01-31,4515.5498046875,15471.2001953125,7464.39990234375,27001.98046875
2022-02-01,4546.5400390625,15619.3896484375,7535.7998046875,27078.48046875
2022-02-02,4589.3798828125,15613.76953125,7583.0,27533.599609375
2022-02-03,4477.43994140625,15368.4697265625,7528.7998046875,27241.310546875
2022-02-04,4500.52978515625,15099.5595703125,7516.39990234375,27439.990234375
2022-02-07,4483.8701171875,15206.6396484375,7573.5,27248.869140625
2022-02-08,4521.5400390625,15242.3798828125,7567.10009765625,27284.51953125
2022-02-09,4587.18017578125,15482.009765625,7643.39990234375,27579.869140625
2022-02-10,4504.080078125,15490.4404296875,7672.39990234375,27696.080078125
2022-02-11,4418.64013671875,15425.1201171875,7661.0,27696.080078125
2022-02-14,4401.669921875,15113.9697265625,7531.60009765625,27079.58984375
2022-02-15,4471.06982421875,15412.7099609375,7608.89990234375,26865.189453125
2022-02-16,4475.009765625,15396.0703125,7603.7998046875,27460.400390625
2022-02-17,4380.259765625,15267.6298828125,7537.39990234375,27232.869140625
2022-02-18,4348.8701171875,15042.509765625,7513.60009765625,27122.0703125
2022-02-21,4348.8701171875,14731.1201171875,7484.2998046875,26910.869140625
2022-02-22,4304.759765625,14693.0,7494.2001953125,26449.609375
2022-02-23,4225.5,14631.3603515625,7498.2001953125,26449.609375
2022-02-24,4288.7001953125,14052.099609375,7207.0,25970.8203125
2022-02-25,4384.64990234375,14567.23046875,7489.5,26476.5
2022-02-28,4373.93994140625,14461.01953125,7458.2998046875,26526.8203125
2022-03-01,4306.259765625,13904.849609375,7330.2001953125,26844.720703125
2022-03-02,4386.5400390625,14000.1103515625,7429.60009765625,26393.029296875
2022-03-03,4363.490234375,13698.400390625,7238.89990234375,26577.26953125
2022-03-04,4328.8701171875,13094.5400390625,6987.10009765625,25985.470703125
2022-03-07,4201.08984375,12834.650390625,6959.5,25221.41015625
2022-03-08,4170.7001953125,12831.509765625,6964.10009765625,24790.94921875
2022-03-09,4277.8798828125,13847.9296875,7190.7001953125,24717.529296875
2022-03-10,4259.52001953125,13442.099609375,7099.10009765625,25690.400390625
2022-03-11,4204.31005859375,13628.1103515625,7155.60009765625,25162.779296875
2022-03-14,4173.10986328125,13929.1103515625,7193.5,25307.849609375
2022-03-15,4262.4501953125,13917.26953125,7175.7001953125,25346.48046875
2022-03-16,4357.85986328125,14440.740234375,7291.7001953125,25762.009765625
2022-03-17,4411.669921875,14388.0595703125,7385.2998046875,26652.890625
2022-03-18,4463.1201171875,14413.08984375,7404.7001953125,26827.4296875
2022-03-21,4461.18017578125,14326.9697265625,7442.39990234375,26827.4296875
2022-03-22,4511.60986328125,14473.2001953125,7476.7001953125,27224.109375
2022-03-23,4456.240234375,14283.650390625,7460.60009765625,28040.16015625
2022-03-24,4520.16015625,14273.7900390625,7467.39990234375,28110.390625
2022-03-25,4543.06005859375,14305.759765625,7483.39990234375,28149.83984375
2022-03-28,4575.52001953125,14417.3701171875,7473.10009765625,27943.890625
2022-03-29,4631.60009765625,14820.330078125,7537.2998046875,28252.419921875
2022-03-30,4602.4501953125,14606.0498046875,7578.7998046875,28027.25
2022-03-31,4530.41015625,14414.75,7515.7001953125,27821.4296875
2022-04-01,4545.85986328125,14446.48046875,7537.89990234375,27665.98046875
2022-04-04,4582.64013671875,14518.16015625,7558.89990234375,27736.470703125
2022-04-05,4525.1201171875,14424.3603515625,7613.7001953125,27787.98046875
2022-04-06,4481.14990234375,14151.6904296875,7587.7001953125,27350.30078125
2022-04-07,4500.2099609375,14078.150390625,7551.7998046875,26888.5703125
2022-04-08,4488.27978515625,14283.669921875,7669.60009765625,26985.80078125
2022-04-11,4412.52978515625,14192.7802734375,7618.2998046875,26821.51953125
2022-04-12,4397.4501953125,14124.9501953125,7576.7001953125,26334.98046875
2022-04-13,4446.58984375,14076.4404296875,7580.7998046875,26843.490234375
2022-04-14,4392.58984375,14163.849609375,7616.39990234375,27172.0
2022-04-15,4392.58984375,14163.849609375,7616.39990234375,27093.189453125
2022-04-18,4391.68994140625,14163.849609375,7616.39990234375,26799.7109375
2022-04-19,4462.2099609375,14153.4599609375,7601.2998046875,26985.08984375
2022-04-20,4459.4501953125,14362.0302734375,7629.2001953125,27217.849609375
2022-04-21,4393.66015625,14502.41015625,7628.0,27553.060546875
2022-04-22,4271.77978515625,14142.08984375,7521.7001953125,27105.259765625
2022-04-25,4296.1201171875,13924.169921875,7380.5,26590.779296875
2022-04-26,4175.2001953125,13756.400390625,7386.2001953125,26700.109375
2022-04-27,4183.9599609375,13793.9404296875,7425.60009765625,26386.630859375
2022-04-28,4287.5,13979.83984375,7509.2001953125,26847.900390625
2022-04-29,4131.93017578125,14097.8798828125,7544.60009765625,26847.900390625
2022-05-02,4155.3798828125,13939.0703125,7544.60009765625,26818.529296875
2022-05-03,4175.47998046875,14039.4697265625,7561.2998046875,26818.529296875
2022-05-04,4300.169921875,13970.8203125,7493.5,26818.529296875
2022-05-05,4146.8701171875,13902.51953125,7503.2998046875,26818.529296875
2022-05-06,4123.33984375,13674.2900390625,7387.89990234375,27003.560546875
2022-05-09,3991.239990234375,13380.669921875,7216.60009765625,26319.33984375
2022-05-10,4001.050048828125,13534.740234375,7243.2001953125,26167.099609375
2022-05-11,3935.179931640625,13828.6396484375,7347.7001953125,26213.640625
2022-05-12,3930.080078125,13739.6396484375,7233.2998046875,25748.720703125
2022-05-13,4023.889892578125,14027.9296875,7418.2001953125,26427.650390625
2022-05-16,4008.010009765625,13964.3798828125,7464.7998046875,26547.05078125
2022-05-17,4088.85009765625,14185.9404296875,7518.39990234375,26659.75
2022-05-18,3923.679931640625,14007.759765625,7438.10009765625,26911.19921875
2022-05-19,3900.7900390625,13882.2998046875,7302.7001953125,26402.83984375
2022-05-20,3901.360107421875,13981.91015625,7390.0,26739.029296875
2022-05-23,3973.75,14175.400390625,7513.39990234375,27001.51953125
2022-05-24,3941.47998046875,13919.75,7484.39990234375,26748.140625
2022-05-25,3978.72998046875,14007.9296875,7522.7998046875,26677.80078125
2022-05-26,4057.840087890625,14231.2900390625,7564.89990234375,26604.83984375
2022-05-27,4158.240234375,14462.1904296875,7585.5,26781.6796875
2022-05-30,4158.240234375,14575.98046875,7600.10009765625,27369.4296875
2022-05-31,4132.14990234375,14388.349609375,7607.7001953125,27279.80078125
2022-06-01,4101.22998046875,14340.4697265625,7533.0,27457.890625
2022-06-02,4176.81982421875,14485.169921875,7533.0,27413.880859375
2022-06-03,4108.5400390625,14460.08984375,7533.0,27761.5703125
2022-06-06,4121.43017578125,14653.8095703125,7608.2001953125,27915.890625
2022-06-07,4160.68017578125,14556.6201171875,7598.89990234375,27943.94921875
2022-06-08,4115.77001953125,14445.990234375,7593.0,28234.2890625
2022-06-09,4017.820068359375,14198.7998046875,7476.2001953125,28246.529296875
2022-06-10,3900.860107421875,13761.830078125,7317.5,27824.2890625
2022-06-13,3749.6298828125,13427.0302734375,7205.7998046875,26987.439453125
2022-06-14,3735.47998046875,13304.3896484375,7187.5,26629.859375
2022-06-15,3789.989990234375,13485.2900390625,7273.39990234375,26326.16015625
2022-06-16,3666.77001953125,13038.490234375,7045.0,26431.19921875
2022-06-17,3674.840087890625,13126.259765625,7016.2998046875,25963.0
2022-06-20,3674.840087890625,13265.599609375,7121.7998046875,25771.220703125
2022-06-21,3764.7900390625,13292.400390625,7152.10009765625,26246.310546875
2022-06-22,3759.889892578125,13144.2802734375,7089.2001953125,26149.55078125
2022-06-23,3795.72998046875,12912.58984375,7020.5,26171.25
2022-06-24,3911.739990234375,13118.1298828125,7208.7998046875,26491.970703125
2022-06-27,3900.110107421875,13186.0703125,7258.2998046875,26871.26953125
2022-06-28,3821.550048828125,13231.8203125,7323.39990234375,27049.470703125
2022-06-29,3818.830078125,13003.349609375,7312.2998046875,26804.599609375
2022-06-30,3785.3798828125,12783.76953125,7169.2998046875,26393.0390625
2022-07-01,3825.330078125,12813.0302734375,7168.7001953125,25935.619140625
2022-07-04,3825.330078125,12773.3798828125,7232.7001953125,26153.810546875
2022-07-05,3831.389892578125,12401.2001953125,7025.5,26423.470703125
2022-07-06,3845.080078125,12594.51953125,7107.7998046875,26107.650390625
2022-07-07,3902.6201171875,12843.2197265625,7189.10009765625,26490.529296875
2022-07-08,3899.3798828125,13015.23046875,7196.2001953125,26517.189453125
2022-07-11,3854.429931640625,12832.4404296875,7196.60009765625,26812.30078125
2022-07-12,3818.800048828125,12905.48046875,7209.89990234375,26336.66015625
2022-07-13,3801.780029296875,12756.3203125,7156.39990234375,26478.76953125
2022-07-14,3790.3798828125,12519.66015625,7039.7998046875,26643.390625
2022-07-15,3863.159912109375,12864.7197265625,7159.0,26788.470703125
2022-07-18,3830.85009765625,12959.8095703125,7223.2001953125,26788.470703125
2022-07-19,3936.68994140625,13308.41015625,7296.2998046875,26961.6796875
2022-07-20,3959.89990234375,13281.98046875,7264.2998046875,27680.259765625
2022-07-21,3998.949951171875,13246.6396484375,7270.5,27803.0
2022-07-22,3961.6298828125,13253.6796875,7276.39990234375,27914.66015625
2022-07-25,3966.840087890625,13210.3203125,7306.2998046875,27699.25
2022-07-26,3921.050048828125,13096.9296875,7306.2998046875,27655.2109375
2022-07-27,4023.610107421875,13166.3798828125,7348.2001953125,27715.75
2022-07-28,4072.429931640625,13282.1103515625,7345.2998046875,27815.48046875
2022-07-29,4130.2900390625,13484.0498046875,7423.39990234375,27801.640625
2022-08-01,4118.6298828125,13479.6298828125,7413.39990234375,27993.349609375
2022-08-02,4091.18994140625,13449.2001953125,7409.10009765625,27594.73046875
2022-08-03,4155.169921875,13587.5595703125,7445.7001953125,27741.900390625
2022-08-04,4151.93994140625,13662.6796875,7448.10009765625,27932.19921875
2022-08-05,4145.18994140625,13573.9296875,7439.7001953125,28175.869140625
2022-08-08,4140.06005859375,13687.6904296875,7482.39990234375,28249.240234375
2022-08-09,4122.47021484375,13534.9697265625,7488.2001953125,27999.9609375
2022-08-10,4210.240234375,13700.9296875,7507.10009765625,27819.330078125
2022-08-11,4207.27001953125,13694.509765625,7465.89990234375,27819.330078125
2022-08-12,4280.14990234375,13795.849609375,7500.89990234375,28546.98046875
2022-08-15,4297.14013671875,13816.6103515625,7509.2001953125,28871.779296875
2022-08-16,4305.2001953125,13910.1201171875,7536.10009765625,28868.91015625
2022-08-17,4274.0400390625,13626.7099609375,7515.7998046875,29222.76953125
2022-08-18,4283.740234375,13697.41015625,7541.89990234375,28942.140625
2022-08-19,4228.47998046875,13544.51953125,7550.39990234375,28930.330078125
2022-08-22,4137.990234375,13230.5703125,7533.7998046875,28794.5
2022-08-23,4128.72998046875,13194.23046875,7488.10009765625,28452.75
2022-08-24,4140.77001953125,13220.0595703125,7471.5,28313.470703125
2022-08-25,4199.1201171875,13271.9599609375,7479.7001953125,28479.009765625
2022-08-26,4057.659912109375,12971.4697265625,7427.2998046875,28641.380859375
2022-08-29,4030.610107421875,12892.990234375,7427.2998046875,27878.9609375
2022-08-30,3986.159912109375,12961.1396484375,7361.60009765625,28195.580078125
2022-08-31,3955.0,12834.9599609375,7284.2001953125,28091.529296875
2022-09-01,3966.85009765625,12630.23046875,7148.5,27661.470703125
2022-09-02,3924.260009765625,13050.26953125,7281.2001953125,27650.83984375
2022-09-05,3924.260009765625,12760.7802734375,7287.39990234375,27619.609375
2022-09-06,3908.18994140625,12871.4404296875,7300.39990234375,27626.509765625
2022-09-07,3979.8701171875,12915.9697265625,7237.7998046875,27430.30078125
2022-09-08,4006.179931640625,12904.3203125,7262.10009765625,28065.279296875
2022-09-09,4067.360107421875,13088.2099609375,7351.10009765625,28214.75
2022-09-12,4110.41015625,13402.26953125,7473.0,28542.109375
2022-09-13,3932.68994140625,13188.9501953125,7385.89990234375,28614.630859375
2022-09-14,3946.010009765625,13028.0,7277.2998046875,27818.619140625
2022-09-15,3901.35009765625,12956.66015625,7282.10009765625,27875.91015625
2022-09-16,3873.330078125,12741.259765625,7236.7001953125,27567.650390625
2022-09-19,3899.889892578125,12803.240234375,7236.7001953125,27567.650390625
2022-09-20,3855.929931640625,12670.830078125,7192.7001953125,27688.419921875
2022-09-21,3789.929931640625,12767.150390625,7237.60009765625,27313.130859375
2022-09-22,3757.989990234375,12531.6298828125,7159.5,27153.830078125
2022-09-23,3693.22998046875,12284.1904296875,7018.60009765625,27153.830078125
2022-09-26,3655.0400390625,12227.919921875,7021.0,26431.55078125
2022-09-27,3647.2900390625,12139.6796875,6984.60009765625,26571.869140625
2022-09-28,3719.0400390625,12183.2802734375,7005.39990234375,26173.98046875
2022-09-29,3640.469970703125,11975.5498046875,6881.60009765625,26422.05078125
2022-09-30,3585.6201171875,12114.3603515625,6893.7998046875,25937.2109375
2022-10-03,3678.429931640625,12209.48046875,6908.7998046875,26215.7890625
2022-10-04,3790.929931640625,12670.48046875,7086.5,26992.2109375
2022-10-05,3783.280029296875,12517.1796875,7052.60009765625,27120.529296875
2022-10-06,3744.52001953125,12470.7802734375,6997.2998046875,27311.30078125
2022-10-07,3639.659912109375,12273.0,6991.10009765625,27116.109375
2022-10-10,3612.389892578125,12272.9404296875,6959.2998046875,27116.109375
2022-10-11,3588.840087890625,12220.25,6885.2001953125,26401.25
2022-10-12,3577.030029296875,12172.259765625,6826.2001953125,26396.830078125
2022-10-13,3669.909912109375,12355.580078125,6850.2998046875,26237.419921875
2022-10-14,3583.070068359375,12437.8095703125,6858.7998046875,27090.759765625
2022-10-17,3677.949951171875,12649.0302734375,6920.2001953125,26775.7890625
2022-10-18,3719.97998046875,12765.6103515625,6936.7001953125,27156.140625
2022-10-19,3695.159912109375,12741.41015625,6925.0,27257.380859375
2022-10-20,3665.780029296875,12767.41015625,6943.89990234375,27006.9609375
2022-10-21,3752.75,12730.900390625,6969.7001953125,26890.580078125
2022-10-24,3797.340087890625,12931.4501953125,7014.0,26974.900390625
2022-10-25,3859.110107421875,13052.9599609375,7013.5,27250.279296875
2022-10-26,3830.60009765625,13195.8095703125,7056.10009765625,27431.83984375
2022-10-27,3807.300048828125,13211.23046875,7073.7001953125,27345.240234375
2022-10-28,3901.06005859375,13243.330078125,7047.7001953125,27105.19921875
2022-10-31,3871.97998046875,13253.740234375,7094.5,27587.4609375
2022-11-01,3856.10009765625,13338.740234375,7186.2001953125,27678.919921875
2022-11-02,3759.68994140625,13256.740234375,7144.10009765625,27663.390625
2022-11-03,3719.889892578125,13130.1904296875,7188.60009765625,27663.390625
2022-11-04,3770.550048828125,13459.849609375,7334.7998046875,27199.740234375
2022-11-07,3806.800048828125,13533.51953125,7300.0,27527.640625
2022-11-08,3828.110107421875,13688.75,7306.10009765625,27872.109375
2022-11-09,3748.570068359375,13666.3203125,7296.2998046875,27716.4296875
2022-11-10,3956.3701171875,14146.08984375,7375.2998046875,27446.099609375
2022-11-11,3992.929931640625,14224.8603515625,7318.0,28263.5703125
2022-11-14,3957.25,14313.2998046875,7385.2001953125,27963.470703125
2022-11-15,3991.72998046875,14378.509765625,7369.39990234375,27990.169921875
2022-11-16,3958.7900390625,14234.0302734375,7351.2001953125,28028.30078125
2022-11-17,3946.56005859375,14266.3798828125,7346.5,27930.5703125
2022-11-18,3965.340087890625,14431.8603515625,7385.5,27899.76953125
2022-11-21,3949.93994140625,14379.9296875,7376.89990234375,27944.7890625
2022-11-22,4003.580078125,14422.349609375,7452.7998046875,28115.740234375
2022-11-23,4027.260009765625,14427.58984375,7465.2001953125,28115.740234375
2022-11-24,4027.260009765625,14539.5595703125,7466.60009765625,28383.08984375
2022-11-25,4026.1201171875,14541.3798828125,7486.7001953125,28283.029296875
2022-11-28,3963.93994140625,14383.3603515625,7474.0,28162.830078125
2022-11-29,3957.6298828125,14355.4501953125,7512.0,28027.83984375
2022-11-30,4080.110107421875,14397.0400390625,7573.10009765625,27968.990234375
2022-12-01,4076.570068359375,14490.2998046875,7558.5,28226.080078125
2022-12-02,4071.699951171875,14529.3896484375,7556.2001953125,27777.900390625
2022-12-05,3998.840087890625,14447.6103515625,7567.5,27820.400390625
2022-12-06,3941.260009765625,14343.1904296875,7521.39990234375,27885.869140625
2022-12-07,3933.919921875,14261.1904296875,7489.2001953125,27686.400390625
2022-12-08,3963.510009765625,14264.5595703125,7472.2001953125,27574.4296875
2022-12-09,3934.3798828125,14370.7197265625,7476.60009765625,27901.009765625
2022-12-12,3990.56005859375,14306.6298828125,7446.0,27842.330078125
2022-12-13,4019.64990234375,14497.8896484375,7502.89990234375,27954.849609375
2022-12-14,3995.320068359375,14460.2001953125,7495.89990234375,28156.2109375
2022-12-15,3895.75,13986.23046875,7426.2001953125,28051.69921875
2022-12-16,3852.360107421875,13893.0703125,7332.10009765625,27527.119140625
2022-12-19,3817.659912109375,13942.8701171875,7361.2998046875,27237.640625
2022-12-20,3821.6201171875,13884.66015625,7370.60009765625,26568.029296875
2022-12-21,3878.43994140625,14097.8203125,7497.2998046875,26387.720703125
2022-12-22,3822.389892578125,13914.0703125,7469.2998046875,26507.869140625
2022-12-23,3844.820068359375,13940.9296875,7473.0,26235.25
2022-12-26,3844.820068359375,13940.9296875,7473.0,26405.869140625
2022-12-27,3829.25,13995.099609375,7473.0,26447.869140625
2022-12-28,3783.219970703125,13925.599609375,7497.2001953125,26340.5
2022-12-29,3849.280029296875,14071.7197265625,7512.7001953125,26093.669921875
2022-12-30,3839.5,13923.58984375,7451.7001953125,26094.5
2023-01-02,3839.5,14069.259765625,7451.7001953125,26094.5
2023-01-03,3824.139892578125,14181.669921875,7554.10009765625,26094.5
2023-01-04,3852.969970703125,14490.7802734375,7585.2001953125,25716.859375
2023-01-05,3808.10009765625,14436.3095703125,7633.5,25820.80078125
2023-01-06,3895.080078125,14610.01953125,7699.5,25973.849609375
2023-01-09,3892.090087890625,14792.830078125,7724.89990234375,25973.849609375
2023-01-10,3919.25,14774.599609375,7694.5,26175.560546875
2023-01-11,3969.610107421875,14947.91015625,7725.0,26446.0
2023-01-12,3983.169921875,15058.2998046875,7794.0,26449.8203125
2023-01-13,3999.090087890625,15086.51953125,7844.10009765625,26119.51953125
2023-01-16,3999.090087890625,15134.0400390625,7860.10009765625,25822.3203125
2023-01-17,3990.969970703125,15187.0703125,7851.0,26138.6796875
2023-01-18,3928.860107421875,15181.7998046875,7830.7001953125,26791.119140625
2023-01-19,3898.85009765625,14920.3603515625,7747.2998046875,26405.23046875
2023-01-20,3972.610107421875,15033.5595703125,7770.60009765625,26553.529296875
2023-01-23,4019.81005859375,15102.9501953125,7784.7001953125,26906.0390625
2023-01-24,4016.949951171875,15093.1103515625,7757.39990234375,27299.189453125
2023-01-25,4016.219970703125,15081.6396484375,7744.89990234375,27395.009765625
2023-01-26,4060.429931640625,15132.849609375,7761.10009765625,27362.75
2023-01-27,4070.56005859375,15150.0302734375,7765.2001953125,27382.560546875
2023-01-30,4017.77001953125,15126.080078125,7784.89990234375,27433.400390625
2023-01-31,4076.60009765625,15128.26953125,7771.7001953125,27327.109375
2023-02-01,4119.2099609375,15180.740234375,7761.10009765625,27346.880859375
2023-02-02,4179.759765625,15509.1904296875,7820.2001953125,27402.05078125
2023-02-03,4136.47998046875,15476.4296875,7901.7998046875,27509.4609375
2023-02-06,4111.080078125,15345.91015625,7836.7001953125,27693.650390625
2023-02-07,4164.0,15320.8798828125,7864.7001953125,27685.470703125
2023-02-08,4117.85986328125,15412.0498046875,7885.2001953125,27606.4609375
2023-02-09,4081.5,15523.419921875,7911.2001953125,27584.349609375
2023-02-10,4090.4599609375,15307.98046875,7882.5,27670.98046875
2023-02-13,4137.2900390625,15397.33984375,7947.60009765625,27427.3203125
2023-02-14,4136.1298828125,15380.5595703125,7953.89990234375,27602.76953125
2023-02-15,4147.60009765625,15506.33984375,7997.7998046875,27501.859375
2023-02-16,4090.409912109375,15533.6396484375,8012.5,27696.439453125
2023-02-17,4079.090087890625,15482.0,8004.39990234375,27513.130859375
2023-02-20,4079.090087890625,15477.5498046875,8014.2998046875,27531.939453125
2023-02-21,3997.340087890625,15397.6201171875,7977.7998046875,27473.099609375
2023-02-22,3991.050048828125,15399.8896484375,7930.60009765625,27104.3203125
2023-02-23,4012.320068359375,15475.6904296875,7907.7001953125,27104.3203125
2023-02-24,3970.0400390625,15209.740234375,7878.7001953125,27453.48046875
2023-02-27,3982.239990234375,15381.4296875,7935.10009765625,27423.9609375
2023-02-28,3970.14990234375,15365.1396484375,7876.2998046875,27445.560546875
2023-03-01,3951.389892578125,15305.01953125,7914.89990234375,27516.529296875
2023-03-02,3981.35009765625,15327.6396484375,7944.0,27498.869140625
2023-03-03,4045.639892578125,15578.3896484375,7947.10009765625,27927.470703125
2023-03-06,4048.419921875,15653.580078125,7929.7998046875,28237.779296875
2023-03-07,3986.3701171875,15559.5302734375,7919.5,28309.16015625
2023-03-08,3992.010009765625,15631.8701171875,7929.89990234375,28444.189453125
2023-03-09,3918.320068359375,15633.2099609375,7880.0,28623.150390625
2023-03-10,3861.590087890625,15427.9697265625,7748.39990234375,28143.970703125
2023-03-13,3855.760009765625,14959.4697265625,7548.60009765625,27832.9609375
2023-03-14,3919.2900390625,15232.830078125,7637.10009765625,27222.0390625
2023-03-15,3891.929931640625,14735.259765625,7344.5,27229.48046875
2023-03-16,3960.280029296875,14967.099609375,7410.0,27010.609375
2023-03-17,3916.639892578125,14768.2001953125,7335.39990234375,27333.7890625
2023-03-20,3951.570068359375,14933.3798828125,7403.89990234375,26945.669921875
2023-03-21,4002.8701171875,15195.33984375,7536.2001953125,26945.669921875
2023-03-22,3936.969970703125,15216.1904296875,7566.7998046875,27466.609375
2023-03-23,3948.719970703125,15210.3896484375,7499.60009765625,27419.609375
2023-03-24,3970.989990234375,14957.23046875,7405.5,27385.25
2023-03-27,3977.530029296875,15127.6796875,7471.7998046875,27476.869140625
2023-03-28,3971.27001953125,15142.01953125,7484.2998046875,27518.25
2023-03-29,4027.81005859375,15328.7802734375,7564.2998046875,27883.779296875
2023-03-30,4050.830078125,15522.400390625,7620.39990234375,27782.9296875
2023-03-31,4109.31005859375,15628.83984375,7631.7001953125,28041.48046875
2023-04-03,4124.509765625,15580.919921875,7673.0,28188.150390625
2023-04-04,4100.60009765625,15603.4697265625,7634.5,28287.419921875
2023-04-05,4090.3798828125,15520.169921875,7662.89990234375,27813.259765625
2023-04-06,4105.02001953125,15597.8896484375,7741.60009765625,27472.630859375
2023-04-07,4105.02001953125,15597.8896484375,7741.60009765625,27518.310546875
2023-04-10,4109.10986328125,15597.8896484375,7741.60009765625,27633.66015625
2023-04-11,4108.93994140625,15655.169921875,7785.7001953125,27923.369140625
2023-04-12,4091.949951171875,15703.599609375,7824.7998046875,28082.69921875
2023-04-13,4146.22021484375,15729.4599609375,7843.39990234375,28156.970703125
2023-04-14,4137.64013671875,15807.5,7871.89990234375,28493.470703125
2023-04-17,4151.31982421875,15789.5302734375,7879.5,28514.779296875
2023-04-18,4154.8701171875,15882.669921875,7909.39990234375,28658.830078125
2023-04-19,4154.52001953125,15895.2001953125,7898.7998046875,28606.759765625
2023-04-20,4129.7900390625,15795.9697265625,7902.60009765625,28657.5703125
2023-04-21,4133.52001953125,15881.66015625,7914.10009765625,28564.369140625
2023-04-24,4137.0400390625,15863.9501953125,7912.2001953125,28593.51953125
2023-04-25,4071.6298828125,15872.1298828125,7891.10009765625,28620.0703125
2023-04-26,4055.989990234375,15795.73046875,7852.60009765625,28416.470703125
2023-04-27,4135.35009765625,15800.4501953125,7831.60009765625,28457.6796875
2023-04-28,4169.47998046875,15922.3798828125,7870.60009765625,28856.439453125
2023-05-01,4167.8701171875,15922.3798828125,7870.60009765625,29123.1796875
2023-05-02,4119.580078125,15726.9404296875,7773.0,29157.94921875
2023-05-03,4090.75,15815.0595703125,7788.39990234375,29157.94921875
2023-05-04,4061.219970703125,15734.240234375,7702.60009765625,29157.94921875
2023-05-05,4136.25,15961.01953125,7778.39990234375,29157.94921875
2023-05-08,4138.1201171875,15952.830078125,7778.39990234375,28949.880859375
2023-05-09,4119.169921875,15955.48046875,7764.10009765625,29242.8203125
2023-05-10,4137.64013671875,15896.23046875,7741.2998046875,29122.1796875
2023-05-11,4130.6201171875,15834.91015625,7730.60009765625,29126.720703125
2023-05-12,4124.080078125,15913.8203125,7754.60009765625,29388.30078125
2023-05-15,4136.27978515625,15917.240234375,7777.7001953125,29626.33984375
2023-05-16,4109.89990234375,15897.9296875,7751.10009765625,29842.990234375
2023-05-17,4158.77001953125,15951.2998046875,7723.2001953125,30093.58984375
2023-05-18,4198.0498046875,16163.3603515625,7742.2998046875,30573.9296875
2023-05-19,4191.97998046875,16275.3798828125,7756.89990234375,30808.349609375
2023-05-22,4192.6298828125,16223.990234375,7771.0,31086.8203125
2023-05-23,4145.580078125,16152.8603515625,7763.0,30957.76953125
2023-05-24,4115.240234375,15842.1298828125,7627.10009765625,30682.6796875
2023-05-25,4151.27978515625,15793.7998046875,7570.89990234375,30801.130859375
2023-05-26,4205.4501953125,15983.9697265625,7627.2001953125,30916.310546875
2023-05-29,4205.4501953125,15952.73046875,7627.2001953125,31233.5390625
2023-05-30,4205.52001953125,15908.91015625,7522.10009765625,31328.16015625
2023-05-31,4179.830078125,15664.01953125,7446.10009765625,30887.880859375
2023-06-01,4221.02001953125,15853.66015625,7490.2998046875,31148.009765625
2023-06-02,4282.3701171875,16051.23046875,7607.2998046875,31524.220703125
2023-06-05,4273.7900390625,15963.8896484375,7600.0,32217.4296875
2023-06-06,4283.85009765625,15992.4404296875,7628.10009765625,32506.779296875
2023-06-07,4267.52001953125,15960.5595703125,7624.2998046875,31913.740234375
2023-06-08,4293.93017578125,15989.9599609375,7599.7001953125,31641.26953125
2023-06-09,4298.85986328125,15949.83984375,7562.39990234375,32265.169921875
2023-06-12,4338.93017578125,16097.8701171875,7570.7001953125,32434.0
2023-06-13,4369.009765625,16230.6796875,7594.7998046875,33018.6484375
2023-06-14,4372.58984375,16310.7900390625,7602.7001953125,33502.421875
2023-06-15,4425.83984375,16290.1201171875,7628.2998046875,33485.48828125
2023-06-16,4409.58984375,16357.6298828125,7642.7001953125,33706.078125
2023-06-19,4409.58984375,16201.2001953125,7588.5,33370.421875
2023-06-20,4388.7099609375,16111.3203125,7569.2998046875,33388.91015625
2023-06-21,4365.68994140625,16023.1298828125,7559.2001953125,33575.140625
2023-06-22,4381.89013671875,15988.16015625,7502.0,33264.87890625
2023-06-23,4348.330078125,15829.9404296875,7461.89990234375,32781.5390625
2023-06-26,4328.81982421875,15813.0595703125,7453.60009765625,32698.810546875
2023-06-27,4378.41015625,15846.8603515625,7461.5,32538.330078125
2023-06-28,4376.85986328125,15949.0,7500.5,33193.98828125
2023-06-29,4396.43994140625,15946.7197265625,7471.7001953125,33234.140625
2023-06-30,4450.3798828125,16147.900390625,7531.5,33189.0390625
2023-07-03,4455.58984375,16081.0400390625,7527.2998046875,33753.328125
2023-07-04,4455.58984375,16039.169921875,7519.7001953125,33422.51953125
2023-07-05,4446.81982421875,15937.580078125,7442.10009765625,33338.69921875
2023-07-06,4411.58984375,15528.5400390625,7280.5,32773.01953125
2023-07-07,4398.9501953125,15603.400390625,7256.89990234375,32388.419921875
2023-07-10,4409.52978515625,15673.16015625,7273.7998046875,32189.73046875
2023-07-11,4439.259765625,15790.33984375,7282.5,32203.5703125
2023-07-12,4472.16015625,16023.0,7416.10009765625,31943.9296875
2023-07-13,4510.0400390625,16141.0302734375,7440.2001953125,32419.330078125
2023-07-14,4505.419921875,16105.0703125,7434.60009765625,32391.259765625
2023-07-17,4522.7900390625,16068.650390625,7406.39990234375,32391.259765625
2023-07-18,4554.97998046875,16125.490234375,7453.7001953125,32493.890625
2023-07-19,4565.72021484375,16108.9296875,7588.2001953125,32896.03125
2023-07-20,4534.8701171875,16204.2197265625,7646.10009765625,32490.51953125
2023-07-21,4536.33984375,16177.2197265625,7663.7001953125,32304.25
2023-07-24,4554.64013671875,16190.9501953125,7678.60009765625,32700.939453125
2023-07-25,4567.4599609375,16211.58984375,7691.7998046875,32682.509765625
2023-07-26,4566.75,16131.4599609375,7676.89990234375,32668.33984375
2023-07-27,4537.41015625,16406.029296875,7692.7998046875,32891.16015625
2023-07-28,4582.22998046875,16469.75,7694.2998046875,32759.23046875
2023-07-31,4588.9599609375,16446.830078125,7699.39990234375,33172.21875
2023-08-01,4576.72998046875,16240.400390625,7666.2998046875,33476.578125
2023-08-02,4513.39013671875,16020.01953125,7561.60009765625,32707.689453125
2023-08-03,4501.89013671875,15893.3798828125,7529.2001953125,32159.279296875
2023-08-04,4478.02978515625,15951.8603515625,7564.39990234375,32192.75
2023-08-07,4518.43994140625,15950.759765625,7554.5,32254.560546875
2023-08-08,4499.3798828125,15774.9296875,7527.39990234375,32377.2890625
2023-08-09,4467.7099609375,15852.580078125,7587.2998046875,32204.330078125
2023-08-10,4468.830078125,15996.51953125,7618.60009765625,32473.650390625
2023-08-11,4464.0498046875,15832.169921875,7524.2001953125,32473.650390625
2023-08-14,4489.72021484375,15904.25,7507.2001953125,32059.91015625
2023-08-15,4437.85986328125,15767.2802734375,7389.60009765625,32238.890625
2023-08-16,4404.330078125,15789.4501953125,7356.89990234375,31766.8203125
2023-08-17,4370.35986328125,15676.900390625,7310.2001953125,31626.0
2023-08-18,4369.7099609375,15574.259765625,7262.39990234375,31450.759765625
2023-08-21,4399.77001953125,15603.2802734375,7257.7998046875,31565.640625
2023-08-22,4387.5498046875,15705.6201171875,7270.7998046875,31856.7109375
2023-08-23,4436.009765625,15728.41015625,7320.5,32010.259765625
2023-08-24,4376.31005859375,15621.490234375,7333.60009765625,32287.2109375
2023-08-25,4405.7099609375,15631.8203125,7338.60009765625,31624.279296875
2023-08-28,4433.31005859375,15792.6103515625,7338.60009765625,32169.990234375
2023-08-29,4497.6298828125,15930.8798828125,7465.0,32226.970703125
2023-08-30,4514.8701171875,15891.9296875,7473.7001953125,32333.4609375
2023-08-31,4507.66015625,15947.080078125,7439.10009765625,32619.33984375
2023-09-01,4515.77001953125,15840.33984375,7464.5,32710.619140625
2023-09-04,4515.77001953125,15824.849609375,7452.7998046875,32939.1796875
2023-09-05,4496.830078125,15771.7099609375,7437.89990234375,33036.76171875
2023-09-06,4465.47998046875,15741.3701171875,7426.10009765625,33241.01953125
2023-09-07,4451.14013671875,15718.66015625,7441.7001953125,32991.078125
2023-09-08,4457.490234375,15740.2998046875,7478.2001953125,32606.83984375
2023-09-11,4487.4599609375,15800.990234375,7496.89990234375,32467.759765625
2023-09-12,4461.89990234375,15715.5302734375,7527.5,32776.37109375
2023-09-13,4467.43994140625,15654.0302734375,7526.0,32706.51953125
2023-09-14,4505.10009765625,15805.2900390625,7673.10009765625,33168.1015625
2023-09-15,4450.31982421875,15893.5302734375,7711.39990234375,33533.08984375
2023-09-18,4453.52978515625,15727.1201171875,7652.89990234375,33533.08984375
2023-09-19,4443.9501953125,15664.48046875,7660.2001953125,33242.58984375
2023-09-20,4402.2001953125,15781.58984375,7731.7001953125,33023.78125
2023-09-21,4330.0,15571.8603515625,7678.60009765625,32571.029296875
2023-09-22,4320.06005859375,15557.2900390625,7683.89990234375,32402.41015625
2023-09-25,4337.43994140625,15405.490234375,7624.0,32678.619140625
2023-09-26,4273.52978515625,15255.8701171875,7625.7001953125,32315.05078125
2023-09-27,4274.509765625,15217.4501953125,7593.2001953125,32371.900390625
2023-09-28,4299.7001953125,15323.5,7601.89990234375,31872.51953125
2023-09-29,4288.0498046875,15386.580078125,7608.10009765625,31857.619140625
2023-10-02,4288.39013671875,15247.2099609375,7510.7001953125,31759.880859375
2023-10-03,4229.4501953125,15085.2099609375,7470.2001953125,31237.939453125
2023-10-04,4263.75,15099.919921875,7412.5,30526.880859375
2023-10-05,4258.18994140625,15070.2197265625,7451.5,31075.359375
2023-10-06,4308.5,15229.76953125,7494.60009765625,30994.669921875
2023-10-09,4335.66015625,15128.1103515625,7492.2001953125,30994.669921875
2023-10-10,4358.240234375,15423.51953125,7628.2001953125,31746.529296875
2023-10-11,4376.9501953125,15460.009765625,7620.0,31936.509765625
2023-10-12,4349.60986328125,15425.0302734375,7644.7998046875,32494.66015625
2023-10-13,4327.77978515625,15186.66015625,7599.60009765625,32315.990234375
2023-10-16,4373.6298828125,15237.990234375,7630.60009765625,31659.029296875
2023-10-17,4373.2001953125,15251.6904296875,7675.2001953125,32040.2890625
2023-10-18,4314.60009765625,15094.91015625,7588.0,32042.25
2023-10-19,4278.0,15045.23046875,7499.5,31430.619140625
2023-10-20,4224.16015625,14798.4697265625,7402.10009765625,31259.359375
2023-10-23,4217.0400390625,14800.7197265625,7374.7998046875,30999.55078125
2023-10-24,4247.68017578125,14879.9404296875,7389.7001953125,31062.349609375
2023-10-25,4186.77001953125,14892.1796875,7414.2998046875,31269.919921875
2023-10-26,4137.22998046875,14731.0498046875,7354.60009765625,30601.779296875
2023-10-27,4117.3701171875,14687.41015625,7291.2998046875,30991.689453125
2023-10-30,4166.81982421875,14716.5400390625,7327.39990234375,30696.9609375
2023-10-31,4193.7998046875,14810.33984375,7321.7001953125,30858.849609375
2023-11-01,4237.85986328125,14923.26953125,7342.39990234375,31601.650390625
2023-11-02,4317.77978515625,15143.599609375,7446.5,31949.890625
2023-11-03,4358.33984375,15189.25,7417.7001953125,31949.890625
2023-11-06,4365.97998046875,15135.9697265625,7417.7998046875,32708.48046875
2023-11-07,4378.3798828125,15152.6396484375,7410.0,32271.8203125
2023-11-08,4382.77978515625,15229.599609375,7401.7001953125,32166.48046875
2023-11-09,4347.35009765625,15352.5400390625,7455.7001953125,32646.4609375
2023-11-10,4415.240234375,15234.3896484375,7360.60009765625,32568.109375
2023-11-13,4411.5498046875,15345.0,7425.7998046875,32585.109375
2023-11-14,4495.7001953125,15614.4296875,7440.5,32695.9296875
2023-11-15,4502.8798828125,15748.169921875,7486.89990234375,33519.69921875
2023-11-16,4508.240234375,15786.6103515625,7411.0,33424.41015625
2023-11-17,4514.02001953125,15919.16015625,7504.2998046875,33585.19921875
2023-11-20,4547.3798828125,15901.330078125,7496.39990234375,33388.03125
2023-11-21,4538.18994140625,15900.5302734375,7482.0,33354.140625
2023-11-22,4556.6201171875,15957.8203125,7469.5,33451.828125
2023-11-23,4556.6201171875,15994.73046875,7483.60009765625,33451.828125
2023-11-24,4559.33984375,16029.490234375,7488.2001953125,33625.53125
2023-11-27,4550.43017578125,15966.3701171875,7460.7001953125,33447.671875
2023-11-28,4554.89013671875,15992.669921875,7455.2001953125,33408.390625
2023-11-29,4550.580078125,16166.4501953125,7423.5,33321.21875
2023-11-30,4567.7998046875,16215.4296875,7453.7998046875,33486.890625
2023-12-01,4594.6298828125,16397.51953125,7529.39990234375,33431.51171875
2023-12-04,4569.77978515625,16404.759765625,7513.0,33231.26953125
2023-12-05,4567.18017578125,16533.109375,7489.7998046875,32775.8203125
2023-12-06,4549.33984375,16656.439453125,7515.39990234375,33445.8984375
2023-12-07,4585.58984375,16628.990234375,7513.7001953125,32858.30859375
2023-12-08,4604.3701171875,16759.220703125,7554.5,32307.859375
2023-12-11,4622.43994140625,16794.4296875,7544.89990234375,32791.80078125
2023-12-12,4643.7001953125,16791.740234375,7542.7998046875,32843.69921875
2023-12-13,4707.08984375,16766.05078125,7548.39990234375,32926.3515625
2023-12-14,4719.5498046875,16752.23046875,7649.0,32686.25
2023-12-15,4719.18994140625,16751.439453125,7576.39990234375,32970.55078125
2023-12-18,4740.56005859375,16650.55078125,7614.5,32758.98046875
2023-12-19,4768.3701171875,16744.41015625,7638.0,33219.390625
2023-12-20,4698.35009765625,16733.05078125,7715.7001953125,33675.94140625
2023-12-21,4746.75,16687.419921875,7694.7001953125,33140.46875
2023-12-22,4754.6298828125,16706.1796875,7697.5,33169.05078125
2023-12-25,4754.6298828125,16706.1796875,7697.5,33254.03125
2023-12-26,4774.75,16706.1796875,7697.5,33305.8515625
2023-12-27,4781.580078125,16742.0703125,7725.0,33681.23828125
2023-12-28,4783.35009765625,16701.55078125,7722.7001953125,33539.62109375
2023-12-29,4769.830078125,16751.640625,7733.2001953125,33464.171875
